time,water_temp,flow_rate,motor_vibration,power_consumption,control_signal,fault_leakage,fault_clogging,fault_bearing_wear
1.0,21.001,49.9777,0.314,0.4936,0.0,0.0,0.0,0.0
2.0,20.5113,49.9465,0.2957,3.1334,0.5005,0.0,0.0,0.0
3.0,20.6644,50.1313,0.3022,2.1206,0.31571,0.0,0.0,0.0
4.0,20.3773,50.2622,0.3008,2.8202,0.442958,0.0,0.0,0.0
5.0,20.3286,49.9375,0.3098,2.3785,0.349498,0.0,0.0,0.0
6.0,20.333,50.0496,0.3156,2.34,0.361074,0.0,0.0,0.0
7.0,20.1822,49.476,0.2879,2.5045,0.390536,0.0,0.0,0.0
8.0,20.3042,49.7562,0.3169,2.2438,0.341688,0.0,0.0,0.0
9.0,20.1341,50.0229,0.3164,2.7384,0.42028,0.0,0.0,0.0
10.0,20.2198,50.0957,0.2875,2.339,0.357126,0.0,0.0,0.0
11.0,20.1205,49.95,0.3467,2.6331,0.414106,0.0,0.0,0.0
12.0,20.1329,50.2844,0.3101,2.5385,0.380326,0.0,0.0,0.0
13.0,20.1081,49.7154,0.2894,2.6379,0.398152,0.0,0.0,0.0
14.0,20.0466,50.0506,0.2937,2.6159,0.396136,0.0,0.0,0.0
15.0,20.2125,50.124,0.2878,2.4382,0.37453,0.0,0.0,0.0
16.0,20.025,49.8866,0.2986,2.9653,0.462438,0.0,0.0,0.0
17.0,20.024,49.6317,0.2784,2.4791,0.38237,0.0,0.0,0.0
18.0,20.1101,49.9963,0.3052,2.5434,0.38762,0.0,0.0,0.0
19.0,20.0646,50.0547,0.2798,2.8164,0.43261,0.0,0.0,0.0
20.0,20.0729,49.994,0.3391,2.671,0.416946,0.0,0.0,0.0
21.0,20.0227,49.8967,0.2774,2.7351,0.427174,0.0,0.0,0.0
22.0,20.0653,50.1378,0.2525,2.6762,0.40774,0.0,0.0,0.0
23.0,19.9517,49.8745,0.3,2.8535,0.43186,0.0,0.0,0.0
24.0,19.9705,50.2724,0.2911,2.4738,0.379432,0.0,0.0,0.0
25.0,19.9487,50.044,0.2758,2.5773,0.38724,0.0,0.0,0.0
26.0,20.1417,50.0562,0.3273,2.3963,0.373604,0.0,0.0,0.0
27.0,19.9546,50.3491,0.2664,2.9983,0.466436,0.0,0.0,0.0
28.0,20.0984,50.1425,0.301,2.4708,0.380362,0.0,0.0,0.0
29.0,19.9199,49.9617,0.3404,2.8444,0.452372,0.0,0.0,0.0
30.0,19.9337,49.9209,0.3052,2.4738,0.368118,0.0,0.0,0.0
31.0,20.0298,49.7766,0.3092,2.4798,0.37218,0.0,0.0,0.0
32.0,19.9417,50.2267,0.3018,2.7119,0.41465,0.0,0.0,0.0
33.0,20.0597,50.0573,0.3431,2.4603,0.371062,0.0,0.0,0.0
34.0,19.9468,50.2966,0.3024,2.7686,0.42716,0.0,0.0,0.0
35.0,19.9875,49.6547,0.306,2.4704,0.373126,0.0,0.0,0.0
36.0,19.9985,50.1215,0.2801,2.5812,0.391478,0.0,0.0,0.0
37.0,19.8807,50.0906,0.2991,2.5373,0.395164,0.0,0.0,0.0
38.0,20.0447,49.8845,0.308,2.3144,0.335924,0.0,0.0,0.0
39.0,19.9448,50.0006,0.3453,2.5632,0.410736,0.0,0.0,0.0
40.0,19.9777,49.98,0.338,2.3953,0.361082,0.0,0.0,0.0
41.0,19.9823,50.0701,0.2902,2.4348,0.375114,0.0,0.0,0.0
42.0,19.9408,50.0405,0.2579,2.5687,0.374972,0.0,0.0,0.0
43.0,20.0516,49.7986,0.3059,2.51,0.352714,0.0,0.0,0.0
44.0,19.8205,49.8907,0.3094,2.6568,0.404208,0.0,0.0,0.0
45.0,20.0235,49.6795,0.2913,2.0875,0.29057,0.0,0.0,0.0
46.0,19.8377,49.993,0.328,2.6136,0.382332,0.0,0.0,0.0
47.0,20.0402,49.752,0.2831,2.0104,0.287252,0.0,0.0,0.0
48.0,19.9666,49.9044,0.277,2.4521,0.379234,0.0,0.0,0.0
49.0,19.9634,49.5375,0.2933,2.3159,0.3416,0.0,0.0,0.0
50.0,19.981,50.2003,0.292,2.2415,0.3388,0.0,0.0,0.0
51.0,19.9971,50.1988,0.3097,2.4764,0.344736,0.0,0.0,0.0
52.0,19.9497,50.0615,0.2956,2.4581,0.350914,0.0,0.0,0.0
53.0,19.8924,49.92,0.3086,2.2541,0.32666,0.0,0.0,0.0
54.0,19.8181,49.6187,0.2986,2.0432,0.294934,0.0,0.0,0.0
55.0,19.9737,49.7552,0.2595,1.8306,0.250322,0.0,0.0,0.0
56.0,20.012,50.1582,0.2962,2.2215,0.315056,0.0,0.0,0.0
57.0,19.9041,49.8959,0.2883,2.1189,0.32899,0.0,0.0,0.0
58.0,19.9977,49.9275,0.2857,1.9636,0.275234,0.0,0.0,0.0
59.0,19.9772,49.8985,0.2882,2.1582,0.31652,0.0,0.0,0.0
60.0,19.9154,50.0122,0.3369,2.1443,0.304214,0.0,0.0,0.0
61.0,19.9573,50.134,0.2772,1.9431,0.2719,0.0,0.0,0.0
62.0,19.9285,50.3999,0.3113,1.9133,0.287318,0.0,0.0,0.0
63.0,19.9674,50.0003,0.3093,1.93,0.268664,0.0,0.0,0.0
64.0,19.8657,50.1545,0.326,2.0808,0.28297,0.0,0.0,0.0
65.0,19.9509,50.1539,0.2617,1.7815,0.228734,0.0,0.0,0.0
66.0,19.9422,50.402,0.3129,1.7842,0.262624,0.0,0.0,0.0
67.0,19.9783,50.0223,0.2907,1.895,0.252642,0.0,0.0,0.0
68.0,19.986,50.3628,0.2835,1.9083,0.266242,0.0,0.0,0.0
69.0,19.9667,50.1296,0.3019,1.8579,0.267634,0.0,0.0,0.0
70.0,20.0812,49.9666,0.2873,1.8085,0.25671,0.0,0.0,0.0
71.0,19.9698,50.0919,0.2963,2.1672,0.311682,0.0,0.0,0.0
72.0,20.0286,49.9634,0.3166,1.8996,0.260188,0.0,0.0,0.0
73.0,19.9167,49.812,0.2852,1.9701,0.2894,0.0,0.0,0.0
74.0,20.0284,50.314,0.3456,1.7327,0.234562,0.0,0.0,0.0
75.0,19.9204,49.9849,0.2702,1.9889,0.285986,0.0,0.0,0.0
76.0,20.0075,49.8463,0.2848,1.8075,0.232024,0.0,0.0,0.0
77.0,19.9502,49.9254,0.3191,1.8904,0.271366,0.0,0.0,0.0
78.0,20.0751,50.1498,0.328,1.7407,0.241574,0.0,0.0,0.0
79.0,19.9608,49.9207,0.3239,2.1223,0.301186,0.0,0.0,0.0
80.0,19.9685,50.1123,0.2874,1.7534,0.247546,0.0,0.0,0.0
81.0,20.0302,49.5758,0.3072,1.8241,0.250546,0.0,0.0,0.0
82.0,20.0532,50.1223,0.2879,1.9298,0.278722,0.0,0.0,0.0
83.0,19.9419,49.9335,0.2874,2.0334,0.291404,0.0,0.0,0.0
84.0,20.0604,50.227,0.3046,1.7419,0.23955,0.0,0.0,0.0
85.0,20.0214,50.1056,0.329,2.0186,0.296378,0.0,0.0,0.0
86.0,20.0268,49.9825,0.3002,1.8808,0.27934,0.0,0.0,0.0
87.0,20.0766,50.2261,0.345,1.9778,0.284532,0.0,0.0,0.0
88.0,20.0051,50.3884,0.2654,2.1595,0.311468,0.0,0.0,0.0
89.0,19.8765,49.5958,0.2724,2.0279,0.28085,0.0,0.0,0.0
90.0,20.0751,49.7673,0.3122,1.5914,0.218388,0.0,0.0,0.0
91.0,20.0135,49.847,0.3025,2.1307,0.31038,0.0,0.0,0.0
92.0,20.1068,49.7584,0.2888,1.9498,0.281616,0.0,0.0,0.0
93.0,20.0636,49.9761,0.3174,2.2091,0.330578,0.0,0.0,0.0
94.0,20.0493,50.3056,0.298,2.1397,0.315656,0.0,0.0,0.0
95.0,20.0575,49.8825,0.3069,2.0558,0.314458,0.0,0.0,0.0
96.0,19.9937,49.8445,0.3212,2.1279,0.322788,0.0,0.0,0.0
97.0,20.0723,49.8003,0.3269,2.1254,0.295324,0.0,0.0,0.0
98.0,19.9292,50.1616,0.2739,2.2414,0.335396,0.0,0.0,0.0
99.0,20.1497,49.9553,0.3019,1.8685,0.268058,0.0,0.0,0.0
100.0,20.0242,50.0679,0.2898,2.4767,0.375506,0.0,0.0,0.0
101.0,20.0643,49.7972,0.3159,2.2524,0.320322,0.0,0.0,0.0
102.0,20.0964,50.1676,0.3186,2.3255,0.344818,0.0,0.0,0.0
103.0,20.0857,50.0138,0.2805,2.4185,0.36521,0.0,0.0,0.0
104.0,19.9966,50.0827,0.3247,2.4339,0.36693,0.0,0.0,0.0
105.0,20.0886,49.7953,0.2718,2.1811,0.32945,0.0,0.0,0.0
106.0,20.0357,49.9585,0.3114,2.4827,0.37696,0.0,0.0,0.0
107.0,20.1275,49.8709,0.2945,2.3411,0.355758,0.0,0.0,0.0
108.0,20.0084,50.2378,0.2999,2.6046,0.405572,0.0,0.0,0.0
109.0,19.957,50.0355,0.3029,2.332,0.354386,0.0,0.0,0.0
110.0,20.1557,49.9478,0.2983,2.2222,0.33174,0.0,0.0,0.0
111.0,19.9215,50.276,0.3206,2.7905,0.428678,0.0,0.0,0.0
112.0,20.1804,50.396,0.3038,2.1351,0.32006,0.0,0.0,0.0
113.0,19.986,49.8174,0.2993,2.906,0.447914,0.0,0.0,0.0
114.0,20.1304,50.3133,0.2753,2.3191,0.359968,0.0,0.0,0.0
115.0,19.9302,49.9473,0.2484,2.772,0.434936,0.0,0.0,0.0
116.0,20.0521,49.9454,0.2702,2.3294,0.34238,0.0,0.0,0.0
117.0,20.1147,50.0414,0.2926,2.6367,0.40175,0.0,0.0,0.0
118.0,19.9142,50.0604,0.2965,2.7909,0.43478,0.0,0.0,0.0
119.0,20.0548,50.0843,0.3348,2.2425,0.342454,0.0,0.0,0.0
120.0,20.0379,49.8467,0.3485,2.6597,0.4099,0.0,0.0,0.0
121.0,20.0908,49.6639,0.3024,2.5896,0.403022,0.0,0.0,0.0
122.0,19.8733,50.0205,0.3118,2.792,0.432842,0.0,0.0,0.0
123.0,20.0348,49.8026,0.2889,2.1824,0.330298,0.0,0.0,0.0
124.0,20.0134,49.8208,0.2954,2.5896,0.405262,0.0,0.0,0.0
125.0,20.0564,50.0356,0.3094,2.4865,0.394116,0.0,0.0,0.0
126.0,20.0109,50.1282,0.268,2.6978,0.417116,0.0,0.0,0.0
127.0,20.0304,49.981,0.309,2.602,0.398018,0.0,0.0,0.0
128.0,20.0154,50.0305,0.2844,2.6416,0.40955,0.0,0.0,0.0
129.0,20.0117,49.9663,0.2902,2.6608,0.404092,0.0,0.0,0.0
130.0,20.019,49.8126,0.2788,2.6301,0.403774,0.0,0.0,0.0
131.0,19.9971,50.2125,0.2918,2.6664,0.408434,0.0,0.0,0.0
132.0,20.0263,50.1265,0.3107,2.6034,0.398858,0.0,0.0,0.0
133.0,19.9285,50.1004,0.2996,2.6779,0.413664,0.0,0.0,0.0
134.0,19.9803,49.8616,0.2783,2.4153,0.366284,0.0,0.0,0.0
135.0,19.9747,50.1704,0.2989,2.4895,0.38842,0.0,0.0,0.0
136.0,19.9533,49.5153,0.3036,2.544,0.383008,0.0,0.0,0.0
137.0,19.9569,50.0364,0.307,2.4993,0.370396,0.0,0.0,0.0
138.0,19.9531,49.9077,0.3036,2.5145,0.368888,0.0,0.0,0.0
139.0,19.9311,49.826,0.2581,2.4247,0.363468,0.0,0.0,0.0
140.0,19.9134,49.6048,0.2776,2.3596,0.348792,0.0,0.0,0.0
141.0,19.9022,50.0357,0.2932,2.2797,0.33487,0.0,0.0,0.0
142.0,20.0449,49.7404,0.2975,2.2192,0.322696,0.0,0.0,0.0
143.0,19.8872,50.2205,0.2917,2.5084,0.386446,0.0,0.0,0.0
144.0,20.0876,50.0527,0.2933,2.1529,0.308334,0.0,0.0,0.0
145.0,20.0538,50.1346,0.2776,2.8016,0.402664,0.0,0.0,0.0
146.0,19.8947,49.86,0.3325,2.562,0.388764,0.0,0.0,0.0
147.0,19.9744,50.1094,0.2936,2.0885,0.314194,0.0,0.0,0.0
148.0,19.9167,50.0045,0.2896,2.368,0.348802,0.0,0.0,0.0
149.0,19.8748,49.8521,0.327,2.132,0.31631,0.0,0.0,0.0
150.0,20.0766,49.7671,0.2833,2.0339,0.28985,0.0,0.0,0.0
151.0,20.0145,49.8018,0.3136,2.5763,0.381572,0.0,0.0,0.0
152.0,19.8796,49.9454,0.3072,2.395,0.352614,0.0,0.0,0.0
153.0,19.9106,50.0085,0.2865,1.9006,0.287566,0.0,0.0,0.0
154.0,19.8869,50.1174,0.3389,2.1476,0.296132,0.0,0.0,0.0
155.0,19.9607,50.1378,0.3212,1.9307,0.27651,0.0,0.0,0.0
156.0,20.0801,49.9785,0.2903,2.1064,0.304836,0.0,0.0,0.0
157.0,19.8757,49.9503,0.2767,2.3756,0.359916,0.0,0.0,0.0
158.0,20.0687,49.9815,0.2813,1.8585,0.261736,0.0,0.0,0.0
159.0,19.8974,50.2901,0.2725,2.3355,0.35238,0.0,0.0,0.0
160.0,19.9092,50.2377,0.263,1.9044,0.268366,0.0,0.0,0.0
161.0,20.011,49.3691,0.2616,1.8865,0.269484,0.0,0.0,0.0
162.0,19.8915,49.9558,0.2763,2.1226,0.312884,0.0,0.0,0.0
163.0,19.985,50.1163,0.3287,1.7901,0.251978,0.0,0.0,0.0
164.0,19.9497,49.941,0.299,1.9572,0.292438,0.0,0.0,0.0
165.0,19.9344,49.8086,0.2682,1.9846,0.271718,0.0,0.0,0.0
166.0,20.0379,50.0545,0.2659,1.8148,0.26075,0.0,0.0,0.0
167.0,19.9169,49.7819,0.2964,2.1058,0.307558,0.0,0.0,0.0
168.0,19.9553,49.9043,0.2482,1.8272,0.24802,0.0,0.0,0.0
169.0,20.0294,49.77,0.2684,1.9401,0.262992,0.0,0.0,0.0
170.0,19.8885,50.1195,0.2934,1.9696,0.295698,0.0,0.0,0.0
171.0,20.0105,50.2568,0.3118,1.8389,0.226118,0.0,0.0,0.0
172.0,19.937,49.7867,0.3231,2.0164,0.281016,0.0,0.0,0.0
173.0,19.9868,49.851,0.2594,1.8595,0.242666,0.0,0.0,0.0
174.0,19.9923,50.1867,0.315,1.9347,0.263996,0.0,0.0,0.0
175.0,19.9301,50.0391,0.3071,1.9375,0.264694,0.0,0.0,0.0
176.0,20.0181,50.4411,0.3138,1.7661,0.232868,0.0,0.0,0.0
177.0,20.0401,50.3608,0.3021,1.9919,0.27252,0.0,0.0,0.0
178.0,20.006,50.1808,0.285,2.0417,0.283208,0.0,0.0,0.0
179.0,19.9517,49.9998,0.3386,1.9273,0.268926,0.0,0.0,0.0
180.0,20.0148,50.0155,0.2765,1.7469,0.242938,0.0,0.0,0.0
181.0,20.0285,50.2903,0.296,1.9166,0.27171,0.0,0.0,0.0
182.0,20.0052,49.696,0.326,1.9827,0.278482,0.0,0.0,0.0
183.0,19.9824,49.9192,0.3349,1.8749,0.268838,0.0,0.0,0.0
184.0,19.9814,49.7892,0.286,1.7844,0.25832,0.0,0.0,0.0
185.0,19.9481,49.7005,0.2688,1.8225,0.256868,0.0,0.0,0.0
186.0,20.0027,50.0957,0.299,1.7318,0.23875,0.0,0.0,0.0
187.0,20.1396,50.048,0.3095,1.7492,0.262564,0.0,0.0,0.0
188.0,19.8906,49.9148,0.3075,2.1995,0.330138,0.0,0.0,0.0
189.0,20.0802,50.1152,0.2689,1.6108,0.214068,0.0,0.0,0.0
190.0,20.0825,49.9745,0.3388,2.081,0.305096,0.0,0.0,0.0
191.0,19.9018,50.3538,0.2926,2.0628,0.30887,0.0,0.0,0.0
192.0,20.2184,50.0217,0.2713,1.7026,0.225074,0.0,0.0,0.0
193.0,19.9249,50.2087,0.2573,2.5188,0.379132,0.0,0.0,0.0
194.0,20.2324,50.065,0.2588,1.7367,0.243522,0.0,0.0,0.0
195.0,19.9983,50.1962,0.2608,2.5685,0.397134,0.0,0.0,0.0
196.0,20.1676,50.3722,0.2922,2.0906,0.292526,0.0,0.0,0.0
197.0,20.0791,50.1447,0.3166,2.4645,0.381722,0.0,0.0,0.0
198.0,20.0317,49.9306,0.2994,2.2954,0.347494,0.0,0.0,0.0
199.0,20.0273,49.7956,0.3014,2.2547,0.331892,0.0,0.0,0.0
200.0,19.989,50.1573,0.3375,2.2191,0.333176,0.0,0.0,0.0
201.0,20.1218,49.4693,0.2848,2.1288,0.316298,0.0,0.0,0.0
202.0,20.0242,50.0949,0.3127,2.4636,0.382584,0.0,0.0,0.0
203.0,19.963,49.9659,0.2976,2.2981,0.340872,0.0,0.0,0.0
204.0,20.101,50.1834,0.3309,2.1849,0.31416,0.0,0.0,0.0
205.0,20.0559,50.122,0.287,2.5669,0.381424,0.0,0.0,0.0
206.0,20.1701,50.007,0.3065,2.4328,0.364194,0.0,0.0,0.0
207.0,20.0062,49.9758,0.2961,2.828,0.426668,0.0,0.0,0.0
208.0,20.0411,50.1764,0.303,2.3838,0.356042,0.0,0.0,0.0
209.0,19.9541,49.9938,0.2773,2.4912,0.377266,0.0,0.0,0.0
210.0,20.0848,50.1498,0.3056,2.2609,0.336356,0.0,0.0,0.0
211.0,19.9231,49.7806,0.297,2.6161,0.399774,0.0,0.0,0.0
212.0,20.0389,50.0267,0.2909,2.1428,0.323094,0.0,0.0,0.0
213.0,20.0465,50.2393,0.3133,2.5216,0.378076,0.0,0.0,0.0
214.0,20.0168,49.8129,0.2706,2.653,0.382672,0.0,0.0,0.0
215.0,20.0324,49.9279,0.2944,2.4206,0.37139,0.0,0.0,0.0
216.0,19.9706,49.7219,0.2975,2.4667,0.381128,0.0,0.0,0.0
217.0,20.0853,49.8834,0.3186,2.3314,0.352508,0.0,0.0,0.0
218.0,19.9783,50.1314,0.2919,2.6663,0.408742,0.0,0.0,0.0
219.0,20.0829,50.0435,0.2923,2.4561,0.359772,0.0,0.0,0.0
220.0,20.0785,49.764,0.278,2.6323,0.412476,0.0,0.0,0.0
221.0,20.0453,49.8207,0.3235,2.678,0.414816,0.0,0.0,0.0
222.0,19.9639,49.483,0.285,2.5966,0.404584,0.0,0.0,0.0
223.0,20.0294,49.9212,0.2881,2.508,0.368172,0.0,0.0,0.0
224.0,19.9972,50.2508,0.2676,2.5575,0.399662,0.0,0.0,0.0
225.0,19.9619,50.115,0.2749,2.512,0.384604,0.0,0.0,0.0
226.0,20.1407,49.8379,0.2986,2.4601,0.367374,0.0,0.0,0.0
227.0,19.9296,49.9882,0.3019,2.93,0.454432,0.0,0.0,0.0
228.0,20.0151,50.0646,0.2967,2.3627,0.356562,0.0,0.0,0.0
229.0,19.98,49.8401,0.3088,2.5342,0.397902,0.0,0.0,0.0
230.0,20.0648,49.7447,0.3057,2.5026,0.37985,0.0,0.0,0.0
231.0,20.0599,49.9267,0.2858,2.6818,0.421352,0.0,0.0,0.0
232.0,19.9167,50.0569,0.3003,2.693,0.42239,0.0,0.0,0.0
233.0,20.0276,49.8997,0.2792,2.3597,0.35568,0.0,0.0,0.0
234.0,19.9157,50.1654,0.3169,2.6405,0.40733,0.0,0.0,0.0
235.0,20.0524,49.9938,0.3178,2.4275,0.35137,0.0,0.0,0.0
236.0,19.9844,50.1747,0.2932,2.6235,0.415214,0.0,0.0,0.0
237.0,19.9219,50.3578,0.3174,2.5184,0.382672,0.0,0.0,0.0
238.0,20.0928,49.8108,0.2768,2.3156,0.351534,0.0,0.0,0.0
239.0,19.8688,50.0308,0.3027,2.7272,0.431986,0.0,0.0,0.0
240.0,19.9768,49.7447,0.3075,2.1906,0.323992,0.0,0.0,0.0
241.0,19.9455,49.7933,0.2871,2.4187,0.371976,0.0,0.0,0.0
242.0,19.9714,50.1523,0.3118,2.4017,0.35231,0.0,0.0,0.0
243.0,20.0292,50.154,0.2897,2.3849,0.361526,0.0,0.0,0.0
244.0,19.9179,49.8652,0.308,2.5614,0.38762,0.0,0.0,0.0
245.0,19.9026,49.9301,0.2896,2.2574,0.33315,0.0,0.0,0.0
246.0,19.9681,49.6623,0.2569,2.2219,0.321158,0.0,0.0,0.0
247.0,19.9122,49.7165,0.2718,2.2988,0.346422,0.0,0.0,0.0
248.0,20.0343,50.0899,0.2948,2.1896,0.31461,0.0,0.0,0.0
249.0,19.9805,49.9187,0.3204,2.5296,0.369754,0.0,0.0,0.0
250.0,20.0528,50.1853,0.317,2.2471,0.343156,0.0,0.0,0.0
251.0,19.879,49.6661,0.2881,2.5322,0.378822,0.0,0.0,0.0
252.0,19.9832,49.7297,0.2901,2.0983,0.2947,0.0,0.0,0.0
253.0,19.9426,50.3409,0.3259,2.2443,0.340596,0.0,0.0,0.0
254.0,19.9379,49.9965,0.3003,2.2172,0.316868,0.0,0.0,0.0
255.0,19.9439,50.1048,0.3162,2.1209,0.310738,0.0,0.0,0.0
256.0,19.9282,50.2294,0.307,2.0515,0.308864,0.0,0.0,0.0
257.0,19.9709,49.9289,0.2853,2.0441,0.296406,0.0,0.0,0.0
258.0,19.9933,49.7743,0.2868,2.197,0.312326,0.0,0.0,0.0
259.0,19.9728,50.3033,0.2938,2.1295,0.320344,0.0,0.0,0.0
260.0,19.9846,49.9346,0.2747,2.1848,0.30911,0.0,0.0,0.0
261.0,19.8602,50.156,0.2712,2.1204,0.313244,0.0,0.0,0.0
262.0,19.9202,49.8333,0.2877,1.8465,0.249576,0.0,0.0,0.0
263.0,19.9991,50.2185,0.2925,1.9261,0.27088,0.0,0.0,0.0
264.0,20.0329,50.1798,0.3276,2.1404,0.302746,0.0,0.0,0.0
265.0,19.849,50.1762,0.3043,2.1722,0.317996,0.0,0.0,0.0
266.0,19.9643,50.0832,0.3168,1.6221,0.228002,0.0,0.0,0.0
267.0,19.9336,49.8098,0.3079,1.9391,0.27725,0.0,0.0,0.0
268.0,19.9308,50.0563,0.2998,1.7933,0.256738,0.0,0.0,0.0
269.0,19.967,50.081,0.279,1.8403,0.25064,0.0,0.0,0.0
270.0,20.1069,49.8118,0.2842,1.8918,0.26326,0.0,0.0,0.0
271.0,19.947,50.3603,0.2922,2.2403,0.329846,0.0,0.0,0.0
272.0,19.9732,50.2863,0.3179,1.797,0.25565,0.0,0.0,0.0
273.0,20.0607,50.0973,0.2868,1.9088,0.267708,0.0,0.0,0.0
274.0,19.9422,49.9367,0.2553,2.1675,0.30879,0.0,0.0,0.0
275.0,20.042,49.9728,0.3038,1.8822,0.252646,0.0,0.0,0.0
276.0,19.9637,50.6429,0.2966,2.085,0.300292,0.0,0.0,0.0
277.0,19.9722,49.7918,0.2714,1.9048,0.262506,0.0,0.0,0.0
278.0,20.0291,49.7293,0.3201,1.9533,0.265418,0.0,0.0,0.0
279.0,19.9606,50.1351,0.3073,2.0623,0.291474,0.0,0.0,0.0
280.0,19.9647,49.7575,0.3126,1.8832,0.258414,0.0,0.0,0.0
281.0,20.0156,49.6887,0.3172,1.8347,0.258682,0.0,0.0,0.0
282.0,20.0493,49.8487,0.3239,1.9826,0.281226,0.0,0.0,0.0
283.0,20.0075,49.7506,0.3119,2.0692,0.298306,0.0,0.0,0.0
284.0,20.0065,49.9273,0.3074,1.9706,0.280676,0.0,0.0,0.0
285.0,19.9666,50.2535,0.2981,1.9349,0.281612,0.0,0.0,0.0
286.0,19.9476,49.5759,0.2999,1.8856,0.262202,0.0,0.0,0.0
287.0,20.0091,49.9699,0.272,1.8278,0.250828,0.0,0.0,0.0
288.0,19.9991,50.0523,0.2649,1.9321,0.277766,0.0,0.0,0.0
289.0,20.148,49.6992,0.3068,1.8676,0.272264,0.0,0.0,0.0
290.0,20.0428,50.1336,0.2839,2.3319,0.346842,0.0,0.0,0.0
291.0,20.0483,50.4495,0.3121,1.9416,0.303104,0.0,0.0,0.0
292.0,19.9751,49.9592,0.3003,2.1022,0.311382,0.0,0.0,0.0
293.0,20.1008,50.1195,0.2866,1.9963,0.278536,0.0,0.0,0.0
294.0,20.0815,49.7889,0.3156,2.2591,0.340858,0.0,0.0,0.0
295.0,20.0229,49.5456,0.3007,2.1788,0.336758,0.0,0.0,0.0
296.0,20.0228,49.9197,0.2703,2.0946,0.314364,0.0,0.0,0.0
297.0,20.0041,50.2577,0.3142,2.1423,0.317318,0.0,0.0,0.0
298.0,20.0067,50.137,0.2965,2.1382,0.309794,0.0,0.0,0.0
299.0,20.0376,50.1602,0.2998,2.2575,0.311796,0.0,0.0,0.0
300.0,20.1118,50.1294,0.2765,2.2886,0.32773,0.0,0.0,0.0
301.0,19.8943,50.1707,0.3214,2.4305,0.36722,0.005,0.0,0.0
302.0,20.2019,50.1424,0.2869,1.9327,0.26593,0.01,0.0,0.0
303.0,19.9546,49.7898,0.256,2.6232,0.415624,0.015,0.0,0.0
304.0,20.0825,49.89,0.2768,2.1286,0.301974,0.02,0.0,0.0
305.0,20.0892,49.9789,0.2766,2.3793,0.367238,0.025,0.0,0.0
306.0,20.0798,50.1549,0.2367,2.5223,0.37463,0.03,0.0,0.0
307.0,20.1645,49.8978,0.3006,2.5119,0.376932,0.035,0.0,0.0
308.0,20.0503,49.871,0.3258,2.7754,0.425854,0.04,0.0,0.0
309.0,20.0316,49.9579,0.306,2.3945,0.38022,0.045,0.0,0.0
310.0,20.0988,49.7464,0.3256,2.4488,0.377178,0.05,0.0,0.0
311.0,19.9889,50.0969,0.3093,2.7286,0.41368,0.055,0.0,0.0
312.0,20.1723,50.0418,0.2755,2.484,0.36529,0.06,0.0,0.0
313.0,19.9667,50.1474,0.3089,2.9857,0.4583,0.065,0.0,0.0
314.0,20.0008,49.9449,0.3035,2.402,0.365616,0.07,0.0,0.0
315.0,20.0952,49.7128,0.3093,2.4592,0.384114,0.075,0.0,0.0
316.0,20.1022,49.7193,0.3216,2.8796,0.430696,0.08,0.0,0.0
317.0,20.0525,50.0968,0.3035,2.8268,0.439924,0.085,0.0,0.0
318.0,20.0307,50.2822,0.273,2.8193,0.42311,0.09,0.0,0.0
319.0,20.0309,49.9989,0.3284,2.6668,0.417404,0.095,0.0,0.0
320.0,20.0374,50.2335,0.2878,2.7066,0.420396,0.1,0.0,0.0
321.0,20.0606,49.8267,0.2732,2.6612,0.426114,0.105,0.0,0.0
322.0,19.942,49.8546,0.306,2.8157,0.440576,0.11,0.0,0.0
323.0,20.0225,49.8013,0.2722,2.4629,0.38566,0.115,0.0,0.0
324.0,20.0172,50.0035,0.2876,2.8455,0.423642,0.12,0.0,0.0
325.0,20.0538,49.9332,0.2846,2.727,0.421182,0.125,0.0,0.0
326.0,20.0177,50.0853,0.3078,2.8805,0.440964,0.13,0.0,0.0
327.0,20.1362,49.9606,0.2605,2.7652,0.426486,0.135,0.0,0.0
328.0,19.9872,50.1866,0.2906,3.1122,0.487874,0.14,0.0,0.0
329.0,20.0979,50.1359,0.3095,2.6634,0.4219,0.145,0.0,0.0
330.0,20.0425,50.4005,0.3096,3.0534,0.479206,0.15,0.0,0.0
331.0,19.9915,50.0193,0.2766,2.8414,0.457124,0.155,0.0,0.0
332.0,20.0255,50.0404,0.3223,2.7697,0.436132,0.16,0.0,0.0
333.0,20.0263,49.9612,0.3051,2.7773,0.453472,0.165,0.0,0.0
334.0,19.9846,49.814,0.2623,2.8678,0.455232,0.17,0.0,0.0
335.0,20.0263,49.9521,0.2664,2.7578,0.43647,0.175,0.0,0.0
336.0,19.9924,49.9438,0.2926,2.8924,0.456922,0.18,0.0,0.0
337.0,19.9741,49.8884,0.3591,2.8059,0.441242,0.185,0.0,0.0
338.0,20.0519,49.9688,0.3051,2.7251,0.432162,0.19,0.0,0.0
339.0,19.9907,50.0751,0.3226,2.9489,0.469356,0.195,0.0,0.0
340.0,20.0254,50.1365,0.2782,2.8262,0.441352,0.2,0.0,0.0
341.0,19.9247,49.8703,0.3243,2.9905,0.459182,0.205,0.0,0.0
342.0,20.0466,49.8317,0.2806,2.7338,0.41017,0.21,0.0,0.0
343.0,19.9248,49.8868,0.335,2.9017,0.46711,0.215,0.0,0.0
344.0,20.0788,49.9666,0.3093,2.5624,0.4075,0.22,0.0,0.0
345.0,19.945,49.4841,0.3083,3.0426,0.48092,0.225,0.0,0.0
346.0,19.8689,49.8501,0.2894,2.6752,0.417244,0.23,0.0,0.0
347.0,19.9173,50.0613,0.2905,2.4764,0.37747,0.235,0.0,0.0
348.0,20.0087,49.9691,0.3172,2.5668,0.392704,0.24,0.0,0.0
349.0,20.0622,49.7079,0.3184,2.8509,0.43082,0.245,0.0,0.0
350.0,19.9457,49.9286,0.3088,2.9223,0.456438,0.25,0.0,0.0
351.0,20.0252,49.8287,0.2972,2.6622,0.402094,0.255,0.0,0.0
352.0,19.9686,50.1565,0.3044,2.73,0.43983,0.26,0.0,0.0
353.0,19.8779,49.8993,0.2917,2.6642,0.411956,0.265,0.0,0.0
354.0,20.0158,50.5306,0.2951,2.4569,0.365226,0.27,0.0,0.0
355.0,20.0403,49.9243,0.3169,2.8191,0.426222,0.275,0.0,0.0
356.0,19.9312,50.1009,0.2913,2.7504,0.436978,0.28,0.0,0.0
357.0,19.9792,50.3468,0.2898,2.5117,0.385162,0.285,0.0,0.0
358.0,19.9534,49.8202,0.2856,2.6443,0.40584,0.29,0.0,0.0
359.0,19.9427,49.5485,0.2888,2.5401,0.390316,0.295,0.0,0.0
360.0,19.8948,49.8233,0.3014,2.5786,0.381754,0.3,0.0,0.0
361.0,19.924,50.1954,0.3067,2.3508,0.353434,0.305,0.0,0.0
362.0,19.9653,49.9798,0.2563,2.3572,0.360576,0.31,0.0,0.0
363.0,20.0045,50.1645,0.2842,2.5067,0.374562,0.315,0.0,0.0
364.0,19.9965,50.2599,0.3073,2.5386,0.39056,0.32,0.0,0.0
365.0,19.9276,49.921,0.2537,2.5537,0.386136,0.325,0.0,0.0
366.0,19.999,49.9162,0.36,2.2629,0.351566,0.33,0.0,0.0
367.0,19.9995,50.4717,0.2802,2.6014,0.382852,0.335,0.0,0.0
368.0,20.0315,50.0151,0.3446,2.5925,0.381594,0.34,0.0,0.0
369.0,20.1159,49.7752,0.2937,2.6775,0.397544,0.345,0.0,0.0
370.0,19.925,50.0261,0.309,2.8379,0.441624,0.35,0.0,0.0
371.0,19.9664,50.1275,0.3301,2.3736,0.353758,0.355,0.0,0.0
372.0,19.9511,49.8759,0.3264,2.3707,0.372276,0.36,0.0,0.0
373.0,19.9436,50.2544,0.3154,2.4068,0.36111,0.365,0.0,0.0
374.0,19.9901,50.1352,0.299,2.3938,0.353754,0.37,0.0,0.0
375.0,19.8847,49.8973,0.3303,2.529,0.372642,0.375,0.0,0.0
376.0,20.0164,49.933,0.3126,2.1996,0.31822,0.38,0.0,0.0
377.0,20.049,50.2466,0.2809,2.4697,0.376954,0.385,0.0,0.0
378.0,20.089,49.9159,0.2894,2.5344,0.391932,0.39,0.0,0.0
379.0,20.0724,49.9961,0.2727,2.6253,0.4152,0.395,0.0,0.0
380.0,19.9909,50.0453,0.2928,2.6393,0.41322,0.4,0.0,0.0
381.0,20.1215,50.0578,0.2941,2.4139,0.378594,0.405,0.0,0.0
382.0,20.1109,50.1215,0.3233,2.859,0.444796,0.41,0.0,0.0
383.0,20.0124,50.105,0.3144,2.82,0.446604,0.415,0.0,0.0
384.0,20.0509,50.2543,0.3201,2.6661,0.406438,0.42,0.0,0.0
385.0,19.997,49.7798,0.2982,2.8025,0.42865,0.425,0.0,0.0
386.0,20.0818,49.6997,0.2708,2.6823,0.405002,0.43,0.0,0.0
387.0,19.9929,50.1764,0.3052,3.0008,0.44824,0.435,0.0,0.0
388.0,20.1039,49.9698,0.3046,2.6402,0.408638,0.44,0.0,0.0
389.0,20.095,50.055,0.2449,2.9113,0.465348,0.445,0.0,0.0
390.0,20.1133,49.9912,0.3297,2.8721,0.46699,0.45,0.0,0.0
391.0,20.1147,49.869,0.2788,3.0142,0.483918,0.455,0.0,0.0
392.0,20.0947,50.2236,0.2683,3.0754,0.493316,0.46,0.0,0.0
393.0,20.0862,50.1667,0.3024,3.0564,0.492464,0.465,0.0,0.0
394.0,19.9702,49.9258,0.3003,3.1511,0.49619,0.47,0.0,0.0
395.0,20.1889,49.9847,0.2903,2.8566,0.445256,0.475,0.0,0.0
396.0,20.1054,49.5872,0.3135,3.4147,0.554542,0.48,0.0,0.0
397.0,20.1186,49.7452,0.282,3.3269,0.52353,0.485,0.0,0.0
398.0,20.0882,50.0842,0.3082,3.4339,0.540232,0.49,0.0,0.0
399.0,20.1504,49.9102,0.3357,3.2998,0.534256,0.495,0.0,0.0
400.0,20.0405,49.8275,0.2927,3.5466,0.57302,0.5,0.0,0.0
401.0,20.1833,50.0306,0.3166,3.3895,0.528858,0.505,0.0,0.0
402.0,20.231,49.6979,0.2852,3.6423,0.605696,0.51,0.0,0.0
403.0,20.0873,50.2785,0.2893,3.8769,0.641354,0.515,0.0,0.0
404.0,20.0668,50.0571,0.2761,3.6406,0.58703,0.52,0.0,0.0
405.0,20.0856,49.9017,0.3298,3.6179,0.586638,0.525,0.0,0.0
406.0,19.9566,49.7997,0.29,3.65,0.601792,0.53,0.0,0.0
407.0,20.1429,49.7268,0.264,3.3674,0.543764,0.535,0.0,0.0
408.0,20.1431,49.8716,0.2965,3.9134,0.636022,0.54,0.0,0.0
409.0,20.0671,50.1283,0.3313,3.8698,0.643828,0.545,0.0,0.0
410.0,20.0224,50.0521,0.275,3.8495,0.617272,0.55,0.0,0.0
411.0,20.2042,50.0971,0.2976,3.7166,0.60181,0.555,0.0,0.0
412.0,20.1926,50.2721,0.3125,4.2574,0.695396,0.56,0.0,0.0
413.0,20.1233,49.8192,0.3168,4.1624,0.702296,0.565,0.0,0.0
414.0,20.1159,49.9811,0.3459,4.1692,0.683286,0.57,0.0,0.0
415.0,20.1392,50.1653,0.2901,4.0718,0.690836,0.575,0.0,0.0
416.0,20.1816,50.1105,0.2968,4.3541,0.711906,0.58,0.0,0.0
417.0,20.1267,50.103,0.3146,4.3359,0.743776,0.585,0.0,0.0
418.0,20.1044,50.0013,0.2939,4.2972,0.730006,0.59,0.0,0.0
419.0,20.048,49.8538,0.2819,4.3767,0.73009,0.595,0.0,0.0
420.0,20.1993,50.2791,0.2555,4.2393,0.710688,0.6,0.0,0.0
421.0,20.1217,50.0489,0.3019,4.7231,0.791306,0.605,0.0,0.0
422.0,20.0611,49.7039,0.2672,4.5688,0.765424,0.61,0.0,0.0
423.0,20.2034,50.237,0.3014,4.3702,0.746412,0.615,0.0,0.0
424.0,20.1429,49.7601,0.277,4.8303,0.823662,0.62,0.0,0.0
425.0,20.1606,50.2449,0.3018,4.7146,0.806838,0.625,0.0,0.0
426.0,20.2731,50.0394,0.2834,4.7683,0.82833,0.63,0.0,0.0
427.0,20.1427,50.0934,0.3065,5.2315,0.897074,0.635,0.0,0.0
428.0,20.1312,49.8553,0.2846,4.9994,0.851472,0.64,0.0,0.0
429.0,20.091,50.1428,0.2991,4.9746,0.859746,0.645,0.0,0.0
430.0,19.965,49.6748,0.3005,4.9423,0.850372,0.65,0.0,0.0
431.0,20.0402,50.0259,0.301,4.704,0.795456,0.655,0.0,0.0
432.0,19.9826,50.1413,0.2638,4.8324,0.832776,0.66,0.0,0.0
433.0,20.0815,50.1329,0.3036,4.8005,0.805688,0.665,0.0,0.0
434.0,20.0142,50.0095,0.3407,5.0395,0.854898,0.67,0.0,0.0
435.0,20.0192,50.4499,0.3094,4.7851,0.82579,0.675,0.0,0.0
436.0,20.0123,49.8263,0.2953,4.8125,0.830772,0.68,0.0,0.0
437.0,20.0587,50.0227,0.3379,4.7693,0.828758,0.685,0.0,0.0
438.0,20.0352,50.2924,0.3381,5.0937,0.85308,0.69,0.0,0.0
439.0,19.975,50.0656,0.2989,4.8486,0.845098,0.695,0.0,0.0
440.0,19.981,50.2884,0.3193,4.7819,0.818284,0.7,0.0,0.0
441.0,19.9937,49.9085,0.362,4.7608,0.820488,0.7,0.0,0.0
442.0,20.0515,49.9231,0.2874,4.7658,0.825198,0.7,0.0,0.0
443.0,20.0697,50.094,0.2698,5.0052,0.85334,0.7,0.0,0.0
444.0,19.9898,49.7247,0.2989,4.9998,0.865404,0.7,0.0,0.0
445.0,19.9599,49.9324,0.3176,4.8577,0.830666,0.7,0.0,0.0
446.0,19.9633,50.2016,0.2807,4.7693,0.816498,0.7,0.0,0.0
447.0,19.9504,50.2252,0.3149,4.7596,0.815588,0.7,0.0,0.0
448.0,19.9161,50.1913,0.3371,4.7868,0.806134,0.7,0.0,0.0
449.0,19.8603,49.8903,0.2947,4.6027,0.785274,0.7,0.0,0.0
450.0,19.8575,50.2212,0.3197,4.4653,0.751348,0.7,0.0,0.0
451.0,19.8754,50.1349,0.3071,4.3859,0.739888,0.7,0.0,0.0
452.0,19.8775,49.9267,0.3133,4.3984,0.737494,0.7,0.0,0.0
453.0,19.8816,49.7371,0.2752,4.3015,0.728218,0.7,0.0,0.0
454.0,19.9364,49.6368,0.3107,4.2779,0.720426,0.7,0.0,0.0
455.0,19.9887,50.0528,0.3165,4.5043,0.738272,0.7,0.0,0.0
456.0,19.8828,50.2978,0.2738,4.4844,0.758238,0.7,0.0,0.0
457.0,19.9186,50.0811,0.2817,4.2411,0.703338,0.7,0.0,0.0
458.0,19.8442,49.8624,0.2895,4.1909,0.71398,0.7,0.0,0.0
459.0,19.8583,49.9444,0.2792,3.9954,0.669552,0.7,0.0,0.0
460.0,19.9293,49.6765,0.2802,4.0263,0.665626,0.7,0.0,0.0
461.0,19.854,49.8279,0.2734,4.1247,0.689508,0.7,0.0,0.0
462.0,19.9154,49.9867,0.2807,3.9198,0.644782,0.7,0.0,0.0
463.0,19.8815,49.6595,0.2904,3.9254,0.665308,0.7,0.0,0.0
464.0,19.8456,49.9345,0.3295,3.9055,0.640362,0.7,0.0,0.0
465.0,19.8244,49.9637,0.2952,3.7963,0.61361,0.7,0.0,0.0
466.0,19.8043,50.1972,0.3207,3.5934,0.591376,0.7,0.0,0.0
467.0,19.8977,49.7586,0.2984,3.4232,0.567702,0.7,0.0,0.0
468.0,19.8662,50.0666,0.3037,3.5795,0.599148,0.7,0.0,0.0
469.0,19.9049,50.0929,0.3014,3.3997,0.573346,0.7,0.0,0.0
470.0,20.06,50.3168,0.3109,3.5924,0.582622,0.7,0.0,0.0
471.0,20.0023,49.7739,0.3024,3.8504,0.65179,0.7,0.0,0.0
472.0,19.9753,50.1534,0.3037,3.7564,0.624638,0.7,0.0,0.0
473.0,19.9266,49.947,0.2892,3.7527,0.612476,0.7,0.0,0.0
474.0,19.9645,50.1051,0.2531,3.5338,0.58669,0.7,0.0,0.0
475.0,20.0245,50.1145,0.3262,3.6428,0.600742,0.7,0.0,0.0
476.0,19.9741,49.9129,0.2834,3.7653,0.627144,0.7,0.0,0.0
477.0,19.9437,50.0053,0.2636,3.6856,0.602704,0.7,0.0,0.0
478.0,19.999,49.9073,0.2898,3.6279,0.58644,0.7,0.0,0.0
479.0,20.0961,49.7188,0.2951,3.6471,0.610194,0.7,0.0,0.0
480.0,19.9826,49.9039,0.3157,3.895,0.657558,0.7,0.0,0.0
481.0,19.9362,49.9189,0.3264,3.7075,0.606554,0.7,0.0,0.0
482.0,20.021,50.1152,0.3126,3.6374,0.584232,0.7,0.0,0.0
483.0,19.9998,50.1275,0.315,3.7958,0.622456,0.7,0.0,0.0
484.0,20.0244,49.7301,0.3254,3.7121,0.61184,0.7,0.0,0.0
485.0,20.029,49.9135,0.3201,3.8234,0.624548,0.7,0.0,0.0
486.0,20.0788,50.0065,0.3205,3.6805,0.628308,0.7,0.0,0.0
487.0,20.0425,49.9173,0.281,3.972,0.655436,0.7,0.0,0.0
488.0,20.0486,50.0249,0.3012,3.8322,0.642594,0.7,0.0,0.0
489.0,20.1209,50.1087,0.3193,3.9073,0.64977,0.7,0.0,0.0
490.0,20.0356,49.9699,0.326,4.1776,0.689686,0.7,0.0,0.0
491.0,20.0292,50.0257,0.2948,3.928,0.655262,0.7,0.0,0.0
492.0,20.0646,49.994,0.3161,3.8742,0.656616,0.7,0.0,0.0
493.0,20.2459,49.824,0.3058,4.075,0.67678,0.7,0.0,0.0
494.0,20.2201,49.9869,0.303,4.6433,0.77189,0.7,0.0,0.0
495.0,20.095,49.9309,0.2725,4.5827,0.775036,0.7,0.0,0.0
496.0,20.0995,50.1312,0.3173,4.3526,0.73061,0.7,0.0,0.0
497.0,20.1375,49.8607,0.3279,4.3909,0.742962,0.7,0.0,0.0
498.0,20.2029,49.547,0.2962,4.5214,0.769832,0.7,0.0,0.0
499.0,20.1313,50.5458,0.2694,4.7845,0.812772,0.7,0.0,0.0
500.0,20.1035,49.887,0.291,4.5663,0.791896,0.7,0.0,0.0
501.0,20.0006,49.7381,0.3017,4.6411,0.789932,0.7,0.0,0.0
502.0,19.9921,50.0842,0.3065,4.4083,0.747318,0.7,0.0,0.0
503.0,20.026,50.1768,0.2925,4.4545,0.745174,0.7,0.0,0.0
504.0,20.1511,50.0054,0.2965,4.4182,0.761662,0.7,0.0,0.0
505.0,20.1136,49.9545,0.3056,4.8002,0.825614,0.7,0.0,0.0
506.0,20.0753,50.059,0.2956,4.8796,0.81645,0.7,0.0,0.0
507.0,20.1372,49.7891,0.2907,4.6954,0.807138,0.7,0.0,0.0
508.0,20.1654,50.0274,0.3047,4.8814,0.844878,0.7,0.0,0.0
509.0,20.2234,49.9931,0.3003,5.0932,0.868716,0.7,0.0,0.0
510.0,20.1257,49.9014,0.2931,5.2557,0.910384,0.7,0.0,0.0
511.0,20.0921,49.9143,0.2875,5.0358,0.878246,0.7,0.0,0.0
512.0,20.1327,50.1733,0.2894,5.1585,0.873456,0.7,0.0,0.0
513.0,20.1636,49.9973,0.2991,5.208,0.901796,0.7,0.0,0.0
514.0,20.1068,50.2985,0.3308,5.3715,0.92705,0.7,0.0,0.0
515.0,19.9544,49.9059,0.305,5.3277,0.91112,0.7,0.0,0.0
516.0,20.0141,49.9077,0.284,5.0292,0.8446,0.7,0.0,0.0
517.0,20.1237,50.0021,0.2893,5.1154,0.87385,0.7,0.0,0.0
518.0,20.072,49.995,0.2873,5.3315,0.928584,0.7,0.0,0.0
519.0,19.9821,50.1196,0.3168,5.2413,0.910438,0.7,0.0,0.0
520.0,20.004,50.0477,0.3004,5.0128,0.872282,0.7,0.0,0.0
521.0,20.0786,49.9567,0.3101,5.1354,0.883598,0.7,0.0,0.0
522.0,20.004,49.9109,0.2729,5.2797,0.92078,0.7,0.0,0.0
523.0,19.9254,49.9078,0.2858,5.1041,0.888276,0.7,0.0,0.0
524.0,19.9987,49.8326,0.3402,5.0025,0.850788,0.7,0.0,0.0
525.0,20.0391,50.1787,0.3153,5.085,0.883042,0.7,0.0,0.0
526.0,20.1806,49.9178,0.3097,5.223,0.901672,0.7,0.0,0.0
527.0,20.0593,49.7989,0.3227,5.6273,0.974742,0.7,0.0,0.0
528.0,19.9854,49.9636,0.3142,5.376,0.92571,0.7,0.0,0.0
529.0,20.0077,50.0581,0.2769,5.1629,0.89593,0.7,0.0,0.0
530.0,19.9161,50.1577,0.3216,5.2945,0.90739,0.7,0.0,0.0
531.0,19.9257,49.912,0.3223,5.0506,0.86176,0.7,0.0,0.0
532.0,19.9555,49.9549,0.2748,4.953,0.86168,0.7,0.0,0.0
533.0,19.9619,49.8974,0.2693,5.0797,0.870444,0.7,0.0,0.0
534.0,20.0231,50.1101,0.2738,5.0846,0.869488,0.7,0.0,0.0
535.0,20.0656,49.9941,0.2899,5.1885,0.896912,0.7,0.0,0.0
536.0,20.0406,50.4239,0.2654,5.311,0.918786,0.7,0.0,0.0
537.0,19.9524,50.2435,0.3249,5.2688,0.910684,0.7,0.0,0.0
538.0,19.9835,49.9516,0.3056,5.0319,0.870332,0.7,0.0,0.0
539.0,20.0042,49.929,0.2963,5.0948,0.883838,0.7,0.0,0.0
540.0,19.8846,50.0006,0.2897,5.2126,0.892246,0.7,0.0,0.0
541.0,19.9532,49.9755,0.2858,4.8549,0.832368,0.7,0.0,0.0
542.0,19.9387,49.8864,0.2807,5.0228,0.859828,0.7,0.0,0.0
543.0,20.026,50.1586,0.2802,5.0196,0.847462,0.7,0.0,0.0
544.0,19.874,50.0855,0.2724,5.1942,0.886498,0.7,0.0,0.0
545.0,19.8844,49.8353,0.3169,4.7825,0.810832,0.7,0.0,0.0
546.0,19.9062,49.4679,0.3072,4.7418,0.808992,0.7,0.0,0.0
547.0,19.8669,50.1,0.2853,4.7488,0.810436,0.7,0.0,0.0
548.0,19.8774,50.2454,0.2907,4.6758,0.782846,0.7,0.0,0.0
549.0,19.8517,49.6561,0.3014,4.6218,0.778234,0.7,0.0,0.0
550.0,19.8975,49.8503,0.3205,4.4677,0.755366,0.7,0.0,0.0
551.0,19.9205,50.2186,0.2654,4.5289,0.766916,0.7,0.0,0.0
552.0,19.8261,49.6752,0.2987,4.5156,0.7693,0.7,0.0,0.0
553.0,19.8231,49.9298,0.3004,4.3341,0.71528,0.7,0.0,0.0
554.0,19.9405,50.2488,0.3194,4.1478,0.701756,0.7,0.0,0.0
555.0,19.8416,50.0832,0.2987,4.4405,0.746364,0.7,0.0,0.0
556.0,19.8719,49.9286,0.2805,4.0994,0.689806,0.7,0.0,0.0
557.0,19.8764,49.988,0.3174,4.1693,0.694262,0.7,0.0,0.0
558.0,19.8415,49.8257,0.2989,4.1192,0.685658,0.7,0.0,0.0
559.0,19.9588,49.8998,0.2941,3.9844,0.65823,0.7,0.0,0.0
560.0,19.8785,50.1373,0.3133,4.1932,0.704898,0.7,0.0,0.0
561.0,19.912,50.0854,0.308,3.9237,0.659106,0.7,0.0,0.0
562.0,19.8545,49.9458,0.3092,3.9674,0.667742,0.7,0.0,0.0
563.0,19.9086,49.852,0.3189,3.7971,0.631282,0.7,0.0,0.0
564.0,19.898,49.9971,0.2819,3.9322,0.647842,0.7,0.0,0.0
565.0,19.861,49.6492,0.3085,3.8342,0.634148,0.7,0.0,0.0
566.0,19.9612,49.5019,0.3254,3.7586,0.6077,0.7,0.0,0.0
567.0,19.9625,49.8376,0.2791,3.8939,0.64742,0.7,0.0,0.0
568.0,19.9874,50.01,0.3177,3.8444,0.642962,0.7,0.0,0.0
569.0,20.0488,50.0858,0.2842,3.9786,0.652386,0.7,0.0,0.0
570.0,19.997,50.2273,0.3087,4.0332,0.68158,0.7,0.0,0.0
571.0,19.978,50.0648,0.3123,3.972,0.658356,0.7,0.0,0.0
572.0,19.9488,49.9645,0.289,3.8851,0.649652,0.7,0.0,0.0
573.0,19.9577,49.9326,0.2978,3.8217,0.633672,0.7,0.0,0.0
574.0,19.9635,50.3949,0.2721,3.8203,0.63461,0.7,0.0,0.0
575.0,19.8539,50.3483,0.2977,3.7885,0.633948,0.7,0.0,0.0
576.0,19.8033,50.0424,0.2802,3.5238,0.576112,0.7,0.0,0.0
577.0,19.9375,50.0823,0.3417,3.345,0.541316,0.7,0.0,0.0
578.0,20.0118,49.9869,0.3084,3.42,0.593692,0.7,0.0,0.0
579.0,20.0009,49.913,0.2869,3.8167,0.623158,0.7,0.0,0.0
580.0,20.1126,50.2308,0.3074,3.8351,0.617166,0.7,0.0,0.0
581.0,19.9987,50.2054,0.2673,4.0649,0.673306,0.7,0.0,0.0
582.0,20.0459,49.7098,0.3041,3.7653,0.62313,0.7,0.0,0.0
583.0,19.8836,49.7629,0.29,3.963,0.648904,0.7,0.0,0.0
584.0,20.0596,49.8423,0.2916,3.5491,0.570482,0.7,0.0,0.0
585.0,20.0684,50.0476,0.324,4.037,0.652416,0.7,0.0,0.0
586.0,20.0538,50.1009,0.2908,3.8452,0.658064,0.7,0.0,0.0
587.0,20.0152,50.2633,0.3036,4.0192,0.65606,0.7,0.0,0.0
588.0,20.0711,49.6737,0.3188,3.8553,0.641356,0.7,0.0,0.0
589.0,20.0584,50.1365,0.3101,4.0435,0.671294,0.7,0.0,0.0
590.0,20.1499,49.8877,0.3281,3.9972,0.669514,0.7,0.0,0.0
591.0,20.2333,49.8403,0.2569,4.2892,0.72019,0.7,0.0,0.0
592.0,20.0776,49.9341,0.2893,4.6248,0.772052,0.7,0.0,0.0
593.0,20.1342,50.4624,0.2846,4.109,0.711198,0.7,0.0,0.0
594.0,20.1251,49.9889,0.2639,4.3637,0.74882,0.7,0.0,0.0
595.0,20.0749,49.5694,0.2812,4.5103,0.753874,0.7,0.0,0.0
596.0,20.086,50.5668,0.3205,4.4701,0.738964,0.7,0.0,0.0
597.0,20.1247,49.7322,0.268,4.4084,0.75151,0.7,0.0,0.0
598.0,20.0786,50.0749,0.2996,4.6059,0.777518,0.7,0.0,0.0
599.0,20.0781,49.9424,0.2476,4.5529,0.76367,0.7,0.0,0.0
600.0,19.9999,50.1735,0.3184,4.5798,0.77063,0.7,0.0,0.0
601.0,20.003,49.9542,0.289,4.4599,0.737788,0.7,0.0,0.0
602.0,20.0551,50.1683,0.3075,4.3838,0.740894,0.7,0.0,0.0
603.0,20.1319,49.9716,0.275,4.5451,0.767122,0.7,0.0,0.0
604.0,20.0513,49.8464,0.295,4.748,0.808888,0.7,0.0,0.0
605.0,20.0873,50.09,0.2925,4.6097,0.777604,0.7,0.0,0.0
606.0,20.1397,50.2874,0.2943,4.6273,0.80132,0.7,0.0,0.0
607.0,20.1632,50.005,0.3064,4.7912,0.833784,0.7,0.0,0.0
608.0,20.1403,50.1556,0.285,5.0106,0.855662,0.7,0.0,0.0
609.0,20.0447,50.0142,0.3043,5.018,0.856798,0.7,0.0,0.0
610.0,20.1774,50.1897,0.2928,4.8556,0.82068,0.7,0.0,0.0
611.0,20.1024,50.2107,0.3136,5.2271,0.892518,0.7,0.0,0.0
612.0,20.0967,50.159,0.2981,5.1052,0.866556,0.7,0.0,0.0
613.0,20.131,50.3094,0.3126,5.0748,0.873398,0.7,0.0,0.0
614.0,20.0572,50.2076,0.3262,5.2044,0.898398,0.7,0.0,0.0
615.0,20.001,50.0868,0.2811,4.9764,0.871292,0.7,0.0,0.0
616.0,19.938,50.0651,0.292,4.9615,0.849244,0.7,0.0,0.0
617.0,20.0128,49.5704,0.2994,4.8229,0.818948,0.7,0.0,0.0
618.0,20.0212,49.9306,0.3006,4.9456,0.852648,0.7,0.0,0.0
619.0,20.1169,50.0373,0.2903,4.8638,0.856376,0.7,0.0,0.0
620.0,19.9813,50.2714,0.2736,5.1873,0.905754,0.7,0.0,0.0
621.0,20.1667,50.0639,0.2962,4.8999,0.845392,0.7,0.0,0.0
622.0,20.1178,50.1428,0.2607,5.4578,0.939308,0.7,0.0,0.0
623.0,20.0343,49.7935,0.2971,5.3292,0.924486,0.7,0.0,0.0
624.0,19.989,49.8231,0.3423,5.1469,0.893138,0.7,0.0,0.0
625.0,20.0167,49.9443,0.3241,5.0646,0.874902,0.7,0.0,0.0
626.0,20.0175,50.1546,0.2957,5.1573,0.888778,0.7,0.0,0.0
627.0,20.0669,49.7613,0.2806,5.2742,0.88996,0.7,0.0,0.0
628.0,20.0463,50.1284,0.2988,5.1967,0.916044,0.7,0.0,0.0
629.0,20.0358,50.0698,0.2845,5.267,0.910108,0.7,0.0,0.0
630.0,20.0414,49.9142,0.3073,5.2524,0.908974,0.7,0.0,0.0
631.0,20.0324,50.0727,0.2859,5.2406,0.914848,0.7,0.0,0.0
632.0,20.035,50.1275,0.3147,5.2227,0.913548,0.7,0.0,0.0
633.0,19.9011,50.1039,0.2783,5.3409,0.91762,0.7,0.0,0.0
634.0,19.931,49.9954,0.3244,4.8977,0.853418,0.7,0.0,0.0
635.0,19.9723,50.1896,0.267,5.0316,0.863134,0.7,0.0,0.0
636.0,20.0579,49.8461,0.2944,5.1998,0.877666,0.7,0.0,0.0
637.0,19.962,50.0355,0.3035,5.2698,0.917424,0.7,0.0,0.0
638.0,20.0111,50.3632,0.2841,5.056,0.872394,0.7,0.0,0.0
639.0,20.0688,49.998,0.2694,5.1923,0.895822,0.7,0.0,0.0
640.0,20.0191,50.2226,0.3385,5.3325,0.924578,0.7,0.0,0.0
641.0,19.8546,49.9754,0.3204,5.3328,0.904078,0.7,0.0,0.0
642.0,19.8679,49.9734,0.3245,4.7897,0.82435,0.7,0.0,0.0
643.0,19.8612,49.9946,0.3362,4.7744,0.822658,0.7,0.0,0.0
644.0,19.884,49.8359,0.2868,4.7769,0.808474,0.7,0.0,0.0
645.0,19.9338,49.8353,0.2665,4.7282,0.808904,0.7,0.0,0.0
646.0,19.8279,49.9787,0.3107,4.786,0.824068,0.7,0.0,0.0
647.0,19.7846,49.9713,0.3091,4.6527,0.764826,0.7,0.0,0.0
648.0,19.8043,49.6926,0.2978,4.4191,0.731526,0.7,0.0,0.0
649.0,19.8466,50.2003,0.3275,4.3794,0.72501,0.7,0.0,0.0
650.0,19.8834,49.7438,0.2839,4.2691,0.73011,0.7,0.0,0.0
651.0,19.8231,50.155,0.2998,4.3176,0.735392,0.7,0.0,0.0
652.0,19.9666,50.0691,0.2883,4.1355,0.695178,0.7,0.0,0.0
653.0,19.8967,49.6577,0.2924,4.5205,0.753982,0.7,0.0,0.0
654.0,19.7921,49.9822,0.3221,4.1597,0.71349,0.7,0.0,0.0
655.0,19.891,50.1074,0.3111,3.9656,0.654324,0.7,0.0,0.0
656.0,19.9067,50.2755,0.2956,4.137,0.689234,0.7,0.0,0.0
657.0,19.9604,49.8763,0.333,4.0845,0.686386,0.7,0.0,0.0
658.0,19.9197,50.3756,0.2606,4.2221,0.705458,0.7,0.0,0.0
659.0,19.8119,50.3784,0.3182,3.974,0.680866,0.7,0.0,0.0
660.0,19.8431,50.114,0.337,3.7948,0.621356,0.7,0.0,0.0
661.0,19.9259,49.7815,0.314,3.8224,0.624064,0.7,0.0,0.0
662.0,19.8836,50.29,0.3042,3.8676,0.652288,0.7,0.0,0.0
663.0,19.8834,49.9871,0.2985,3.7612,0.623554,0.7,0.0,0.0
664.0,19.9926,50.2966,0.2661,3.7342,0.614988,0.7,0.0,0.0
665.0,20.019,49.8641,0.2849,4.0144,0.660264,0.7,0.0,0.0
666.0,19.993,50.0313,0.2976,4.0271,0.670688,0.7,0.0,0.0
667.0,20.0168,50.1096,0.328,3.9316,0.65868,0.7,0.0,0.0
668.0,19.9239,49.8277,0.3136,4.056,0.67054,0.7,0.0,0.0
669.0,19.8868,50.0753,0.2849,3.7606,0.624958,0.7,0.0,0.0
670.0,19.8956,49.8966,0.3501,3.5551,0.602178,0.7,0.0,0.0
671.0,19.9783,49.9181,0.31,3.7469,0.598264,0.7,0.0,0.0
672.0,19.9049,50.0822,0.2985,3.787,0.631086,0.7,0.0,0.0
673.0,19.8573,50.0931,0.3167,3.5947,0.590996,0.7,0.0,0.0
674.0,19.9401,49.8924,0.2938,3.4421,0.561056,0.7,0.0,0.0
675.0,19.9856,49.9773,0.2967,3.5888,0.591992,0.7,0.0,0.0
676.0,19.9178,50.1721,0.2886,3.6982,0.608294,0.7,0.0,0.0
677.0,19.888,49.907,0.3279,3.484,0.572332,0.7,0.0,0.0
678.0,19.9277,49.9331,0.3046,3.3785,0.552212,0.7,0.0,0.0
679.0,19.9634,50.0715,0.3062,3.47,0.563698,0.7,0.0,0.0
680.0,20.0219,50.2426,0.3093,3.593,0.57497,0.7,0.0,0.0
681.0,20.0552,49.8636,0.3003,3.6939,0.600578,0.7,0.0,0.0
682.0,20.126,50.0051,0.3317,3.6911,0.61781,0.7,0.0,0.0
683.0,20.0532,50.2021,0.3128,3.9452,0.65696,0.7,0.0,0.0
684.0,20.0433,50.1449,0.3167,3.8004,0.629224,0.7,0.0,0.0
685.0,20.0461,50.0259,0.3051,3.7848,0.629986,0.7,0.0,0.0
686.0,20.0571,50.3025,0.3279,3.8814,0.635048,0.7,0.0,0.0
687.0,20.1263,49.9367,0.2895,3.8484,0.64418,0.7,0.0,0.0
688.0,20.0303,49.7155,0.3306,4.1371,0.683128,0.7,0.0,0.0
689.0,20.1074,50.1549,0.2963,3.8068,0.643848,0.7,0.0,0.0
690.0,20.1313,49.7248,0.3028,4.082,0.686742,0.7,0.0,0.0
691.0,20.0739,50.1102,0.2958,4.1474,0.705742,0.7,0.0,0.0
692.0,20.1084,49.7148,0.3082,4.1515,0.687068,0.7,0.0,0.0
693.0,20.0905,49.8471,0.265,4.2608,0.711378,0.7,0.0,0.0
694.0,20.0989,49.953,0.2948,4.2378,0.71041,0.7,0.0,0.0
695.0,20.1258,49.9152,0.2711,4.2988,0.722208,0.7,0.0,0.0
696.0,19.942,49.7806,0.2912,4.3631,0.743402,0.7,0.0,0.0
697.0,19.99,50.2433,0.3166,3.9708,0.661028,0.7,0.0,0.0
698.0,20.0584,49.8236,0.3136,4.0372,0.684064,0.7,0.0,0.0
699.0,20.1054,49.9275,0.2908,4.3185,0.716504,0.7,0.0,0.0
700.0,20.1059,49.9423,0.2852,4.4043,0.743308,0.7,0.0,0.0
701.0,20.1304,50.049,0.3283,4.413,0.75105,0.7,0.0,0.0
702.0,20.0582,50.0914,0.2627,4.5833,0.771762,0.7,0.0,0.0
703.0,20.1102,49.7089,0.3005,4.4556,0.745604,0.7,0.0,0.0
704.0,20.1449,49.9987,0.3229,4.6197,0.777704,0.7,0.0,0.0
705.0,20.1055,49.864,0.2993,4.6568,0.80283,0.7,0.0,0.0
706.0,20.0769,50.0506,0.3037,4.7229,0.794028,0.7,0.0,0.0
707.0,20.0691,49.7115,0.3049,4.6368,0.788956,0.7,0.0,0.0
708.0,20.1128,49.8586,0.2796,4.7359,0.79178,0.7,0.0,0.0
709.0,20.1454,49.6917,0.2957,4.8301,0.819314,0.7,0.0,0.0
710.0,20.2031,50.2454,0.2983,4.9064,0.843764,0.7,0.0,0.0
711.0,20.1337,50.1809,0.2915,5.0548,0.883594,0.7,0.0,0.0
712.0,20.1345,49.9066,0.2607,5.0944,0.863988,0.7,0.0,0.0
713.0,20.0804,50.0304,0.2783,5.0334,0.876472,0.7,0.0,0.0
714.0,20.0961,50.176,0.2938,5.0129,0.860166,0.7,0.0,0.0
715.0,20.0995,49.763,0.3026,5.124,0.87553,0.7,0.0,0.0
716.0,20.0235,49.8466,0.3137,5.1799,0.884604,0.7,0.0,0.0
717.0,19.9762,49.803,0.2995,5.0964,0.854496,0.7,0.0,0.0
718.0,20.0534,49.8406,0.3517,4.8497,0.834246,0.7,0.0,0.0
719.0,20.086,49.7351,0.3162,5.077,0.871888,0.7,0.0,0.0
720.0,20.0536,49.6212,0.2889,5.0636,0.890916,0.7,0.0,0.0
721.0,20.0507,49.8822,0.2883,5.0829,0.880944,0.7,0.0,0.0
722.0,20.1763,49.9661,0.3229,5.1279,0.88443,0.7,0.0,0.0
723.0,20.0715,50.1395,0.3124,5.43,0.951344,0.7,0.0,0.0
724.0,20.0465,49.8196,0.2995,5.1844,0.910536,0.7,0.0,0.0
725.0,20.1366,50.0871,0.2773,5.2834,0.905852,0.7,0.0,0.0
726.0,20.0612,49.8828,0.3,5.4848,0.955122,0.7,0.0,0.0
727.0,20.0701,50.1631,0.2741,5.341,0.926548,0.7,0.0,0.0
728.0,20.1511,50.074,0.3322,5.4818,0.937402,0.7,0.0,0.0
729.0,19.9444,49.9878,0.2744,5.6693,0.983332,0.7,0.0,0.0
730.0,20.0066,49.843,0.2766,5.0767,0.89045,0.7,0.0,0.0
731.0,20.0197,50.1712,0.2974,5.3288,0.921236,0.7,0.0,0.0
732.0,19.9753,50.2784,0.3078,5.268,0.92707,0.7,0.0,0.0
733.0,19.8791,49.9188,0.2723,5.2595,0.906184,0.7,0.0,0.0
734.0,19.8227,49.7907,0.3163,4.9899,0.856996,0.7,0.0,0.0
735.0,19.9821,50.0477,0.3114,4.762,0.821048,0.7,0.0,0.0
736.0,19.9053,50.1108,0.3181,5.2087,0.887692,0.7,0.0,0.0
737.0,19.9804,49.9709,0.2888,4.9596,0.844672,0.7,0.0,0.0
738.0,20.0854,50.1458,0.278,5.051,0.876182,0.7,0.0,0.0
739.0,19.9689,49.7801,0.3272,5.3449,0.925612,0.7,0.0,0.0
740.0,19.9557,50.0688,0.2793,5.0768,0.872094,0.7,0.0,0.0
741.0,19.907,50.0249,0.3136,5.0197,0.865336,0.7,0.0,0.0
742.0,19.9306,50.3278,0.2337,4.8658,0.837706,0.7,0.0,0.0
743.0,19.802,50.2969,0.3016,4.8238,0.84304,0.7,0.0,0.0
744.0,19.8175,49.8174,0.3293,4.5374,0.772716,0.7,0.0,0.0
745.0,19.9478,50.1858,0.2933,4.4883,0.767198,0.7,0.0,0.0
746.0,19.9933,49.8035,0.2745,4.8553,0.817438,0.7,0.0,0.0
747.0,19.9301,50.105,0.2922,4.7542,0.833406,0.7,0.0,0.0
748.0,19.9565,50.4345,0.2976,4.7005,0.80036,0.7,0.0,0.0
749.0,19.958,50.0591,0.2604,4.7277,0.809232,0.7,0.0,0.0
750.0,19.8227,49.9268,0.3342,4.7185,0.805974,0.7,0.0,0.0
751.0,19.717,49.9977,0.2884,4.315,0.734934,0.7,0.0,0.0
752.0,19.8255,50.0349,0.307,3.9592,0.670606,0.7,0.0,0.0
753.0,19.8292,49.9892,0.3198,4.1613,0.70433,0.7,0.0,0.0
754.0,19.9274,50.0317,0.272,4.1072,0.69005,0.7,0.0,0.0
755.0,19.8265,49.7331,0.2841,4.4114,0.725412,0.7,0.0,0.0
756.0,19.9615,50.2175,0.2973,4.0229,0.66719,0.7,0.0,0.0
757.0,19.8708,49.7675,0.318,4.2339,0.722828,0.7,0.0,0.0
758.0,19.9244,50.1505,0.3074,3.9664,0.671698,0.7,0.0,0.0
759.0,19.9104,49.8045,0.2602,4.1449,0.689976,0.7,0.0,0.0
760.0,19.7843,50.3496,0.276,4.0272,0.675856,0.7,0.0,0.0
761.0,19.862,49.7961,0.2858,3.7214,0.605918,0.7,0.0,0.0
762.0,19.8867,49.5675,0.2885,3.8505,0.630034,0.7,0.0,0.0
763.0,19.8474,50.075,0.312,3.8231,0.62979,0.7,0.0,0.0
764.0,19.9267,50.3258,0.3234,3.5749,0.600582,0.7,0.0,0.0
765.0,19.9272,49.7548,0.3061,3.7965,0.62881,0.7,0.0,0.0
766.0,20.0106,50.1861,0.2821,3.7671,0.62161,0.7,0.0,0.0
767.0,20.0403,50.2249,0.3163,3.9871,0.657476,0.7,0.0,0.0
768.0,19.8968,50.0845,0.2909,4.0876,0.671506,0.7,0.0,0.0
769.0,19.8792,49.9144,0.3193,3.7001,0.602386,0.7,0.0,0.0
770.0,19.9276,50.323,0.2647,3.6255,0.5882,0.7,0.0,0.0
771.0,20.0201,50.1605,0.2845,3.6393,0.603088,0.7,0.0,0.0
772.0,19.9592,49.9603,0.2699,3.8139,0.642578,0.7,0.0,0.0
773.0,19.9387,49.8483,0.2962,3.7275,0.611886,0.7,0.0,0.0
774.0,19.9511,50.0177,0.295,3.6473,0.59959,0.7,0.0,0.0
775.0,19.9145,49.6326,0.2767,3.5975,0.601296,0.7,0.0,0.0
776.0,19.9994,49.9982,0.303,3.4918,0.578836,0.7,0.0,0.0
777.0,20.0795,49.9826,0.2835,3.6714,0.615178,0.7,0.0,0.0
778.0,19.9786,50.1427,0.2798,3.848,0.653482,0.7,0.0,0.0
779.0,19.9275,50.1212,0.3207,3.6613,0.60779,0.7,0.0,0.0
780.0,20.0421,49.907,0.332,3.5419,0.582546,0.7,0.0,0.0
781.0,20.004,50.045,0.3227,3.8784,0.635068,0.7,0.0,0.0
782.0,20.0487,50.0362,0.3158,3.7138,0.617094,0.7,0.0,0.0
783.0,20.0167,50.5378,0.3162,3.8278,0.640526,0.7,0.0,0.0
784.0,19.9542,49.9496,0.3079,3.7609,0.627528,0.7,0.0,0.0
785.0,19.9823,49.8915,0.2843,3.5866,0.598254,0.7,0.0,0.0
786.0,19.9436,49.9797,0.3201,3.6688,0.60989,0.7,0.0,0.0
787.0,20.077,49.7713,0.3019,3.5431,0.588562,0.7,0.0,0.0
788.0,20.085,50.0922,0.3254,3.9539,0.651524,0.7,0.0,0.0
789.0,20.1219,49.794,0.3242,3.9865,0.659016,0.7,0.0,0.0
790.0,20.1411,49.7041,0.2773,4.0982,0.684106,0.7,0.0,0.0
791.0,20.138,50.0213,0.2963,4.2522,0.70272,0.7,0.0,0.0
792.0,20.146,50.239,0.3253,4.2543,0.712074,0.7,0.0,0.0
793.0,20.1288,50.2145,0.3456,4.2654,0.727176,0.7,0.0,0.0
794.0,20.1556,50.0372,0.2914,4.2983,0.730096,0.7,0.0,0.0
795.0,20.1451,50.4015,0.2982,4.5043,0.754144,0.7,0.0,0.0
796.0,20.0524,49.7893,0.3054,4.4656,0.760806,0.7,0.0,0.0
797.0,20.0148,49.9704,0.2819,4.249,0.726274,0.7,0.0,0.0
798.0,20.0618,50.1958,0.3104,4.2672,0.71352,0.7,0.0,0.0
799.0,20.0432,49.9003,0.3055,4.4263,0.738956,0.7,0.0,0.0
800.0,20.0771,49.9627,0.305,4.2939,0.73366,0.7,0.0,0.0
801.0,20.1494,50.1858,0.3199,4.5107,0.754438,0.7,0.0,0.0
802.0,20.0972,49.714,0.2809,4.6728,0.796078,0.7,0.0,0.0
803.0,20.1446,50.0463,0.3357,4.6096,0.780484,0.7,0.0,0.0
804.0,20.0325,49.8254,0.3022,4.6912,0.813004,0.7,0.0,0.0
805.0,20.1053,49.856,0.3021,4.5556,0.767574,0.7,0.0,0.0
806.0,20.1353,49.8567,0.3118,4.8192,0.808816,0.7,0.0,0.0
807.0,20.0666,50.0177,0.3016,4.8186,0.830784,0.7,0.0,0.0
808.0,20.0539,50.1737,0.3164,4.7949,0.806658,0.7,0.0,0.0
809.0,20.1932,49.8308,0.3088,4.7247,0.80701,0.7,0.0,0.0
810.0,20.1789,49.7936,0.3048,5.0703,0.881226,0.7,0.0,0.0
811.0,20.1648,49.9959,0.3171,5.1117,0.886746,0.7,0.0,0.0
812.0,20.1384,49.6085,0.2821,5.1252,0.894294,0.7,0.0,0.0
813.0,20.0996,50.0731,0.3118,5.1596,0.89456,0.7,0.0,0.0
814.0,20.0204,49.9034,0.2968,5.127,0.88676,0.7,0.0,0.0
815.0,20.0533,50.0942,0.3061,5.0413,0.855904,0.7,0.0,0.0
816.0,20.0894,50.0555,0.3049,5.1034,0.87557,0.7,0.0,0.0
817.0,20.1331,49.8169,0.2841,5.1943,0.897226,0.7,0.0,0.0
818.0,20.1535,49.8761,0.2863,5.3174,0.925506,0.7,0.0,0.0
819.0,20.1699,50.0546,0.2845,5.5299,0.94548,0.7,0.0,0.0
820.0,20.0551,49.9856,0.3026,5.581,0.965552,0.7,0.0,0.0
821.0,20.0338,50.3726,0.3567,5.3461,0.921416,0.7,0.0,0.0
822.0,19.9484,50.1626,0.2675,5.3076,0.91747,0.7,0.0,0.0
823.0,20.0049,49.9191,0.3368,5.1488,0.8779,0.7,0.0,0.0
824.0,20.0414,49.9632,0.2897,5.2242,0.90373,0.7,0.0,0.0
825.0,20.021,49.9857,0.3204,5.3517,0.921242,0.7,0.0,0.0
826.0,19.9862,50.4662,0.3164,5.1781,0.913624,0.7,0.0,0.0
827.0,19.9606,49.7256,0.286,5.279,0.898312,0.7,0.0,0.0
828.0,19.9938,49.666,0.3215,5.1334,0.885104,0.7,0.0,0.0
829.0,19.9912,50.098,0.3017,5.2847,0.899064,0.7,0.0,0.0
830.0,20.0847,49.989,0.3022,5.2504,0.896604,0.7,0.0,0.0
831.0,20.0328,50.3772,0.3023,5.4494,0.942702,0.7,0.0,0.0
832.0,19.9632,49.6708,0.3411,5.3919,0.921658,0.7,0.0,0.0
833.0,19.9514,50.1247,0.2902,5.2469,0.89052,0.7,0.0,0.0
834.0,19.9943,49.8739,0.3101,5.2136,0.883068,0.7,0.0,0.0
835.0,19.9521,50.0443,0.3145,5.2081,0.900866,0.7,0.0,0.0
836.0,20.0268,50.2794,0.2867,5.046,0.878452,0.7,0.0,0.0
837.0,19.8863,49.9432,0.2985,5.2231,0.912814,0.7,0.0,0.0
838.0,19.7681,50.028,0.3322,4.8661,0.843214,0.7,0.0,0.0
839.0,19.8196,50.1401,0.2918,4.595,0.777828,0.7,0.0,0.0
840.0,20.0081,50.1196,0.2753,4.6423,0.78739,0.7,0.0,0.0
841.0,19.9511,49.9517,0.2886,5.124,0.866178,0.7,0.0,0.0
842.0,19.8672,50.0759,0.3137,4.884,0.834556,0.7,0.0,0.0
843.0,19.8727,49.8822,0.2899,4.6115,0.789834,0.7,0.0,0.0
844.0,19.8397,50.0494,0.2844,4.658,0.783638,0.7,0.0,0.0
845.0,19.9854,49.7271,0.3282,4.4676,0.756844,0.7,0.0,0.0
846.0,20.0129,50.1922,0.3012,4.8148,0.81753,0.7,0.0,0.0
847.0,19.993,49.8216,0.3081,4.9198,0.827198,0.7,0.0,0.0
848.0,20.0322,50.2923,0.3105,4.8458,0.81773,0.7,0.0,0.0
849.0,19.9759,49.6825,0.2966,4.9044,0.837168,0.7,0.0,0.0
850.0,19.8292,49.9014,0.2754,4.8024,0.81081,0.7,0.0,0.0
851.0,19.9121,49.7211,0.3041,4.3245,0.736658,0.7,0.0,0.0
852.0,19.8386,50.1966,0.314,4.5127,0.767378,0.7,0.0,0.0
853.0,19.8614,50.3455,0.262,4.3108,0.721938,0.7,0.0,0.0
854.0,19.8653,49.9002,0.3035,4.244,0.721896,0.7,0.0,0.0
855.0,19.8013,49.9645,0.2582,4.2094,0.712302,0.7,0.0,0.0
856.0,19.8362,49.9176,0.318,4.0935,0.669448,0.7,0.0,0.0
857.0,19.9092,49.6499,0.2831,4.0563,0.672282,0.7,0.0,0.0
858.0,19.9066,50.173,0.2959,4.1868,0.69498,0.7,0.0,0.0
859.0,19.8541,49.625,0.3135,4.0526,0.684956,0.7,0.0,0.0
860.0,19.9475,49.9556,0.3017,3.9291,0.651286,0.7,0.0,0.0
861.0,19.8356,50.2891,0.2886,4.1351,0.687364,0.7,0.0,0.0
862.0,19.8936,50.0438,0.3182,3.7395,0.625346,0.7,0.0,0.0
863.0,19.9266,50.0078,0.2917,3.8757,0.643432,0.7,0.0,0.0
864.0,19.8671,49.6559,0.2945,3.949,0.65026,0.7,0.0,0.0
865.0,19.9575,50.2592,0.3281,3.796,0.613978,0.7,0.0,0.0
866.0,19.9646,49.8636,0.2463,3.9314,0.649736,0.7,0.0,0.0
867.0,19.9083,49.5029,0.318,3.8923,0.648078,0.7,0.0,0.0
868.0,19.8434,49.8375,0.2831,3.6905,0.616954,0.7,0.0,0.0
869.0,19.8554,49.9324,0.3172,3.4485,0.578294,0.7,0.0,0.0
870.0,19.8552,50.0682,0.299,3.551,0.573064,0.7,0.0,0.0
871.0,19.9576,50.106,0.285,3.4397,0.561156,0.7,0.0,0.0
872.0,20.0756,49.7721,0.2973,3.655,0.600776,0.7,0.0,0.0
873.0,20.016,50.0028,0.3024,3.8992,0.654336,0.7,0.0,0.0
874.0,19.9553,49.9256,0.3169,3.8681,0.628224,0.7,0.0,0.0
875.0,19.9789,49.9829,0.3209,3.6574,0.600346,0.7,0.0,0.0
876.0,20.085,49.8054,0.2935,3.6638,0.609784,0.7,0.0,0.0
877.0,19.922,49.6653,0.3204,3.9856,0.660674,0.7,0.0,0.0
878.0,19.9247,49.7898,0.2961,3.6344,0.583852,0.7,0.0,0.0
879.0,19.9731,50.2356,0.3076,3.5658,0.582222,0.7,0.0,0.0
880.0,19.9895,50.3147,0.2979,3.6158,0.600344,0.7,0.0,0.0
881.0,20.0653,49.9056,0.3145,3.7323,0.605424,0.7,0.0,0.0
882.0,19.8834,50.0801,0.2814,3.9556,0.642156,0.7,0.0,0.0
883.0,19.9771,50.0124,0.2924,3.3812,0.554914,0.7,0.0,0.0
884.0,20.074,49.6906,0.3048,3.6069,0.596074,0.7,0.0,0.0
885.0,20.0304,50.0288,0.2786,3.8633,0.640818,0.7,0.0,0.0
886.0,19.9655,50.0837,0.2438,3.752,0.623,0.7,0.0,0.0
887.0,20.0189,49.9328,0.3163,3.6076,0.593854,0.7,0.0,0.0
888.0,20.1165,49.907,0.2994,3.8215,0.619092,0.7,0.0,0.0
889.0,20.2192,50.0918,0.2894,4.0625,0.668336,0.7,0.0,0.0
890.0,20.1467,50.108,0.2984,4.3419,0.727054,0.7,0.0,0.0
891.0,20.1014,50.3378,0.3091,4.1415,0.706286,0.7,0.0,0.0
892.0,20.0745,50.0626,0.3048,4.1766,0.696822,0.7,0.0,0.0
893.0,19.963,50.2801,0.2995,4.202,0.69239,0.7,0.0,0.0
894.0,20.0243,49.6623,0.3102,3.9023,0.643138,0.7,0.0,0.0
895.0,20.099,50.0152,0.2638,4.0032,0.673058,0.7,0.0,0.0
896.0,20.0979,49.8252,0.3284,4.3135,0.711126,0.7,0.0,0.0
897.0,20.0976,49.9143,0.3297,4.2761,0.717002,0.7,0.0,0.0
898.0,20.0811,50.2655,0.294,4.3979,0.724706,0.7,0.0,0.0
899.0,20.1018,50.1054,0.3049,4.2914,0.72427,0.7,0.0,0.0
900.0,20.1369,50.0056,0.2874,4.3553,0.741438,0.7,0.0,0.0
901.0,20.1478,50.2152,0.2729,4.5309,0.766718,0.7,0.0,0.0
902.0,20.1381,49.7913,0.2815,4.6473,0.782418,0.7,0.0,0.0
903.0,20.1095,49.8662,0.2885,4.6278,0.789174,0.7,0.0,0.0
904.0,20.0957,49.9892,0.3054,4.6044,0.786116,0.7,0.0,0.0
905.0,20.102,49.9092,0.3008,4.5541,0.788548,0.7,0.0,0.0
906.0,20.0703,49.7954,0.2954,4.6614,0.79963,0.7,0.0,0.0
907.0,20.1429,50.4165,0.3199,4.6719,0.791814,0.7,0.0,0.0
908.0,20.176,49.9479,0.3022,4.8637,0.834372,0.7,0.0,0.0
909.0,20.0606,49.8342,0.3097,4.9957,0.860902,0.7,0.0,0.0
910.0,20.0628,50.0573,0.3154,4.8055,0.81662,0.7,0.0,0.0
911.0,20.1059,50.2634,0.3184,4.7988,0.824876,0.7,0.0,0.0
912.0,20.0791,49.9752,0.2911,4.9476,0.851406,0.7,0.0,0.0
913.0,20.0568,50.2249,0.3176,4.9047,0.845616,0.7,0.0,0.0
914.0,20.065,49.6432,0.3063,4.9443,0.84133,0.7,0.0,0.0
915.0,20.1158,50.3921,0.3602,4.9211,0.85042,0.7,0.0,0.0
916.0,20.067,50.5663,0.2913,5.1675,0.880856,0.7,0.0,0.0
917.0,20.0499,49.9586,0.2729,5.0077,0.864704,0.7,0.0,0.0
918.0,20.0983,49.5457,0.2987,5.1557,0.86249,0.7,0.0,0.0
919.0,20.1054,49.9154,0.2436,5.1281,0.891024,0.7,0.0,0.0
920.0,20.1343,49.993,0.2956,5.2664,0.90147,0.7,0.0,0.0
921.0,20.1024,50.1336,0.2725,5.3418,0.92421,0.7,0.0,0.0
922.0,20.0046,49.8419,0.3031,5.3332,0.918426,0.7,0.0,0.0
923.0,20.0584,49.8227,0.3196,5.1211,0.878356,0.7,0.0,0.0
924.0,20.1386,50.1103,0.3283,5.2246,0.90758,0.7,0.0,0.0
925.0,19.9895,50.1741,0.3331,5.4699,0.951276,0.7,0.0,0.0
926.0,20.0512,49.8525,0.2899,5.2296,0.88621,0.7,0.0,0.0
927.0,20.0198,50.3224,0.3118,5.2726,0.919202,0.7,0.0,0.0
928.0,19.9629,50.2015,0.3098,5.2322,0.906364,0.7,0.0,0.0
929.0,19.9237,50.3458,0.3025,5.0891,0.880126,0.7,0.0,0.0
930.0,20.0521,50.0638,0.3139,5.0559,0.858696,0.7,0.0,0.0
931.0,20.0439,49.9769,0.2802,5.2539,0.917576,0.7,0.0,0.0
932.0,19.9905,49.9958,0.295,5.3527,0.915076,0.7,0.0,0.0
933.0,20.0092,49.9427,0.2972,5.1663,0.892052,0.7,0.0,0.0
934.0,19.9066,49.996,0.3074,5.2536,0.90171,0.7,0.0,0.0
935.0,19.9028,49.9238,0.2892,4.9057,0.850772,0.7,0.0,0.0
936.0,19.9222,50.0771,0.303,4.8845,0.843452,0.7,0.0,0.0
937.0,19.9498,49.9009,0.2815,4.9132,0.845452,0.7,0.0,0.0
938.0,19.9664,49.9754,0.28,5.1159,0.85264,0.7,0.0,0.0
939.0,19.8167,49.895,0.304,5.0846,0.856372,0.7,0.0,0.0
940.0,19.932,50.1839,0.3019,4.4894,0.778502,0.7,0.0,0.0
941.0,19.9668,50.4339,0.2856,4.8914,0.824482,0.7,0.0,0.0
942.0,20.0115,50.0265,0.3167,4.9144,0.834136,0.7,0.0,0.0
943.0,19.989,49.8688,0.2968,4.9407,0.853134,0.7,0.0,0.0
944.0,19.8686,50.0344,0.3195,4.9801,0.84191,0.7,0.0,0.0
945.0,19.933,49.9692,0.2949,4.6213,0.78128,0.7,0.0,0.0
946.0,19.9509,49.7309,0.3276,4.7521,0.805376,0.7,0.0,0.0
947.0,19.9447,49.9478,0.3388,4.6868,0.807678,0.7,0.0,0.0
948.0,19.9794,50.0481,0.2914,4.6723,0.800292,0.7,0.0,0.0
949.0,19.9715,50.1411,0.3102,4.8113,0.813342,0.7,0.0,0.0
950.0,19.9109,50.2171,0.2559,4.7668,0.80705,0.7,0.0,0.0
951.0,19.8958,49.8229,0.2967,4.5439,0.774628,0.7,0.0,0.0
952.0,19.8467,50.1529,0.2896,4.4701,0.761162,0.7,0.0,0.0
953.0,19.8628,50.1063,0.2741,4.4011,0.728578,0.7,0.0,0.0
954.0,19.8314,49.9551,0.2847,4.2943,0.725346,0.7,0.0,0.0
955.0,19.9594,49.9527,0.2929,4.0724,0.698348,0.7,0.0,0.0
956.0,19.8775,49.818,0.3021,4.4715,0.749488,0.7,0.0,0.0
957.0,20.0039,50.1508,0.2904,4.1565,0.70273,0.7,0.0,0.0
958.0,19.944,50.191,0.3123,4.3836,0.757768,0.7,0.0,0.0
959.0,19.9405,49.8934,0.2984,4.4458,0.725602,0.7,0.0,0.0
960.0,19.9415,50.3677,0.3152,4.2612,0.72057,0.7,0.0,0.0
961.0,19.7799,50.1287,0.3118,4.3196,0.71638,0.7,0.0,0.0
962.0,19.798,49.59,0.2823,3.8386,0.63088,0.7,0.0,0.0
963.0,19.8237,50.3661,0.2713,3.7712,0.625554,0.7,0.0,0.0
964.0,19.9081,50.0795,0.3022,3.6963,0.621882,0.7,0.0,0.0
965.0,19.9506,50.0174,0.3144,3.8916,0.649464,0.7,0.0,0.0
966.0,19.8694,49.7894,0.2728,3.9728,0.661674,0.7,0.0,0.0
967.0,19.829,50.1392,0.2814,3.7567,0.616272,0.7,0.0,0.0
968.0,19.9662,50.0684,0.3158,3.5868,0.587248,0.7,0.0,0.0
969.0,19.9461,50.3359,0.2975,3.9803,0.642976,0.7,0.0,0.0
970.0,20.0462,49.9638,0.2823,3.7971,0.627478,0.7,0.0,0.0
971.0,19.9587,49.9517,0.3033,4.032,0.673618,0.7,0.0,0.0
972.0,19.8826,50.2538,0.2987,3.7487,0.631562,0.7,0.0,0.0
973.0,19.8463,50.0558,0.2764,3.5184,0.591958,0.7,0.0,0.0
974.0,20.0706,50.1744,0.2801,3.4653,0.565938,0.7,0.0,0.0
975.0,19.9248,49.7192,0.2971,4.0387,0.666518,0.7,0.0,0.0
976.0,19.911,50.1019,0.3104,3.5735,0.59478,0.7,0.0,0.0
977.0,19.9486,50.2272,0.3081,3.6291,0.58478,0.7,0.0,0.0
978.0,19.9174,50.0957,0.3263,3.6895,0.596736,0.7,0.0,0.0
979.0,19.9621,50.1363,0.3155,3.4955,0.576272,0.7,0.0,0.0
980.0,19.9269,49.8302,0.3066,3.6639,0.592638,0.7,0.0,0.0
981.0,20.0637,50.2979,0.2803,3.4933,0.571112,0.7,0.0,0.0
982.0,20.0765,50.1436,0.2841,3.8766,0.634368,0.7,0.0,0.0
983.0,20.0848,49.5122,0.2964,3.841,0.643128,0.7,0.0,0.0
984.0,20.0799,49.5617,0.2731,3.8996,0.653142,0.7,0.0,0.0
985.0,20.1557,50.1364,0.3285,3.9132,0.65731,0.7,0.0,0.0
986.0,20.09,49.784,0.293,4.1661,0.7017,0.7,0.0,0.0
987.0,20.0808,49.8903,0.2894,3.9739,0.67979,0.7,0.0,0.0
988.0,20.0463,49.9942,0.3109,4.0647,0.683704,0.7,0.0,0.0
989.0,19.981,49.9313,0.3044,4.0035,0.673102,0.7,0.0,0.0
990.0,19.9369,49.9185,0.2651,3.8524,0.644846,0.7,0.0,0.0
991.0,20.0273,49.9688,0.2955,3.8136,0.622582,0.7,0.0,0.0
992.0,20.0535,49.8567,0.3056,3.9764,0.663616,0.7,0.0,0.0
993.0,20.0794,49.8708,0.2757,4.0306,0.677092,0.7,0.0,0.0
994.0,20.0721,49.8784,0.2747,4.1607,0.693798,0.7,0.0,0.0
995.0,20.0904,49.9415,0.3183,4.1403,0.695982,0.7,0.0,0.0
996.0,20.0505,50.1115,0.2971,4.2589,0.711046,0.7,0.0,0.0
997.0,20.0486,49.7596,0.2959,4.1413,0.697962,0.7,0.0,0.0
998.0,20.1337,50.2051,0.2593,4.0778,0.70185,0.7,0.0,0.0
999.0,20.1108,50.5359,0.2764,4.4128,0.748326,0.7,0.0,0.0
1000.0,20.1281,50.2232,0.3187,4.4144,0.74587,0.7,0.0,0.0
